cepa,biomasa,rendimiento,pH_final,temp_opt,enz_oxidasa,enz_lipasa,enz_proteasa,consumo_glucosa,OD600,tolerancia_sal,pH_tolerancia,gen_reg_A,gen_reg_B,actividad_metabolica
Cepa_1,6.3715540950491585,186.66266865985637,6.5051789620128915,29.592850171550662,59.18528544148324,56.879447389168966,64.18065815196421,89.6399801813707,1.4929127811175282,76.73428289579603,2.259959604321187,14.932713653488014,12.357014905155818,25.184588640831826
Cepa_2,9.496018169875379,169.9374077668335,6.826812891529612,33.67134877607066,50.21674504992777,35.71031572735908,45.05213399486787,85.88311122371667,1.81385165114386,70.9992184921456,2.806135806616394,15.52413395605284,14.152712640135661,20.583397151727596
Cepa_3,8.424467747077989,180.94542428662706,6.664575372659918,37.81926830546212,64.99259434784716,44.74892694867846,47.090184271640226,90.16474527732994,1.4897375805205946,69.90098958089723,3.080100958980294,14.99334769808152,14.028627624679253,25.568917663985832
Cepa_4,5.740557929122862,194.53524062753374,7.005546067395111,31.23309877960157,50.405890033270765,44.221870929335,62.33348260067093,89.90403757842145,1.2495392860623846,72.15795779336219,2.946184598006531,15.870874582150444,11.547754537941481,19.9708593409506
Cepa_5,7.132099622047195,205.92749933706222,7.382564998123241,29.41209651243181,46.38869430439218,53.878353852729674,53.27183983023649,82.27627796942271,1.246779419712526,78.01971702008879,3.481489961074554,13.37810622486944,11.186827691836921,21.15830549620933
Cepa_6,10.477154805645727,159.9910078187345,6.977129060131373,31.268489041471206,55.15038945867755,52.146551362761436,70.79926715036262,78.55052755463046,1.6761999297226748,74.59407015913854,2.5756020776401707,14.482797613099864,12.91729248871938,23.641508989021226
Cepa_7,4.359981134910389,176.8928708028313,6.688752579912443,31.740226414770337,45.59524694274506,58.1371310903936,46.5478942344549,87.50382322041008,0.9908151933065281,83.67593293233759,3.1353595485187906,15.939690086282344,11.57027136200359,15.35804345758695
Cepa_8,7.3566310567157345,171.90129154955997,6.291316124973254,29.473392940175867,30.876750491425693,39.03277426584988,64.00731900242178,83.74979052915134,1.4722167953352976,87.25154701165232,1.894972419369871,15.22213228064021,12.546963774098769,13.580304454782265
Cepa_9,9.898904388058302,219.23336487495354,7.088463245841267,33.87992671624914,45.21856389590658,49.544401385215274,59.11165577643074,87.36158931541296,1.6201914383267058,80.88200602748807,2.9496741077921267,16.051524369008295,11.228886388833532,20.344537420404887
Cepa_10,6.699889396602347,208.20538209515695,6.311203341330844,33.41178806368687,52.39195035965149,44.92355981790239,53.48274923548439,81.1050452757278,1.2598467126787374,55.18234873031168,2.370742495448191,16.311596861886574,13.855527450264237,26.509531077062178
Cepa_11,6.981670772566918,219.93040581360773,6.692782635858449,31.275114393216253,55.561806558127586,51.47282734865997,69.11092926201529,80.13769307820088,1.3626256336666238,64.80946418067225,2.4213034760821484,17.058201389495835,10.229362567431703,16.899888690893818
Cepa_12,7.857936546594663,200.52995708737035,7.107216123076873,31.70407186223629,45.27095181579234,60.21562689120634,63.16085839440916,84.7679507707172,1.367305959066522,79.71092713483311,3.205656422314222,16.15111518881949,12.52567182640571,9.30537240754171
Cepa_13,10.237084439186432,211.936462390536,7.119166871616516,26.809220707466,38.52836514201209,46.06466248856271,42.94039415941475,90.8176665878387,1.7546101258974065,91.23941528568466,3.000277781927631,14.294265477910482,13.46814488667318,10.999535968234724
Cepa_14,7.041647004973024,169.83932930725075,7.169862390229439,32.93960874568045,49.51691838304568,38.12458398009379,62.68262416503816,86.58100763826332,1.432609449899646,64.0568922640364,2.4344285133476102,13.42319804488459,13.580809447440279,20.935411224147863
Cepa_15,7.334027060530902,206.4510211102615,7.033478229972468,27.74779193103222,48.58423722314795,54.21805282009775,71.4998875779304,91.03345202104411,1.4018314470473163,75.95382975572637,3.7877889932000626,17.645712211952816,17.82150688856053,21.081155629300497
Cepa_16,7.348473086572224,217.0335573919927,6.8773165640014495,30.880173301152055,44.2433593884398,41.20544411040935,53.43466373218452,79.40785554587988,1.36177976061588,82.26382668218632,3.1332806775903825,13.58334283788725,12.483712155588968,24.236874266716402
Cepa_17,11.308895124088185,178.32951752695178,6.94427185387847,30.28659414497726,43.412550723366785,40.31799917804777,52.01612979538032,80.37335922000183,1.6969453749242618,71.03087563864744,2.286328945820291,14.940555864030143,13.222418265768395,33.0880000826787
Cepa_18,11.280179133460681,200.17747547516223,6.807047461424422,33.68670710981719,55.73940215738285,50.956128892750264,46.964234228277704,83.98024128846014,1.8835535738708722,57.81793095575991,1.2889302587539266,18.074722019996205,12.871260093988996,23.63001084459961
Cepa_19,9.506080846818316,194.4763650466707,7.017369442152201,31.17250452205951,60.09861403416908,40.13230614735891,54.83675337189579,94.81864551304844,1.6734801586753754,89.50917588556472,2.6497744420941856,13.410769991196567,16.911389251733127,29.883457662245913
Cepa_20,8.579279598762284,197.26331060968457,7.016932177156217,32.4906068692002,62.629614237000695,44.43247984914939,63.23440823263492,87.10846914411181,1.6043595062884728,61.27460557654651,2.31531902623478,14.619762382765673,15.14100388791667,21.852047765541876
Cepa_21,9.106052863844363,189.09499486296428,6.866753136094383,36.50268660908853,50.3422101537742,42.315652156747475,45.18798040505503,79.63271527439893,1.5799617482891715,62.585873531454794,2.19006832948297,15.040745834084598,16.866354794043215,26.885878221106054
Cepa_22,10.2360980422262,175.9496952580874,6.991912649209078,26.61441682389675,36.454258864325766,47.722599955309036,38.843709271153116,85.97387184877888,1.70181745366448,72.64534822525388,2.261789552999208,11.103856525683197,11.71371860798861,19.367557187544307
Cepa_23,6.596249197396413,176.6954012675945,6.509571494939421,32.72904012650324,57.79470492722406,48.30001874335458,50.49100106821688,85.32410346128388,1.5038248346172716,70.60986394045456,2.562044274944081,12.771868773617177,13.408726259218877,16.08919275394586
Cepa_24,9.763743567173155,164.9982382560352,6.711428974993018,34.10436852453536,40.2348142372437,38.15767078148553,38.443300256095,83.13308984847058,1.6163158701674218,60.844279920178536,3.1530277053059,17.171595706175175,13.004828185361632,20.386061481118137
Cepa_25,6.119178998376482,142.61041260370584,6.893668551093877,30.253847941735177,52.74197060075134,44.706174663118325,61.27862129539158,87.79217789520739,1.2806534975818398,86.74414520146735,2.014524314620678,16.029765047948022,10.724291791199859,22.76477386481079
Cepa_26,7.043372746319885,181.37939986687397,7.623490795348246,32.62947211395645,61.334094423335635,34.18287953575408,49.87972276007439,83.0843598668424,1.4787264829185034,75.04198168977108,2.5059843662148067,16.548638992921145,13.801166760805904,25.31798225982601
Cepa_27,9.360657793700451,182.52829268727604,7.073586974397473,27.536713408970815,42.413999707472534,32.60187265087579,33.93517786539032,84.26194643820439,1.666356909025608,78.99966194494088,2.4128037894204657,15.09032025394528,10.947334691073992,17.81558683808743
Cepa_28,5.8569789496610465,212.7146773690976,6.778555800006048,27.21363880247195,50.79952423163134,38.50996426037742,50.816709823137884,91.22133151279927,1.0810356742594547,69.57225005848169,2.0870410141891655,11.010656635645832,15.115868030450605,26.68835997044236
Cepa_29,7.789896919717001,175.97587434237812,6.721349162693686,33.41370972702436,34.94765320822247,43.112258517161706,52.68862017047091,77.95693016837632,1.3102010189685331,69.947763791954,2.6367153506570244,12.916676237640742,12.431288218515997,21.54012115971676
Cepa_30,6.707367656210472,148.68841821448405,7.0101112409715345,31.3698663936268,57.02594388179517,62.51099250544827,60.3896273603166,79.48837890289701,1.3046536389600378,83.18642971926165,3.3965612317215053,10.655397071828174,10.028723008850204,25.254590390993343
Cepa_31,7.6165709442041045,163.384440092204,6.790730793391216,27.53705488588286,39.502188519834974,39.07293577435338,53.255637482149474,81.9632362408126,1.552687060864947,64.80019502067606,2.8076258456304917,16.24855595105041,11.775547400568042,13.743025408231308
Cepa_32,3.8021163418089134,200.76971260829524,7.033148480711349,31.53432732922635,69.0892835565101,49.360782701378206,77.42471748207771,78.8526662943555,1.1473789419491598,66.39099659297592,2.547214410203763,20.86901351938725,13.284914847647741,21.645705659633755
Cepa_33,5.342700343235229,163.68522254959825,7.096074227964049,33.59651468570959,45.664229740884295,26.713478894646755,48.775553781532004,81.7898117994547,1.2862223703985214,74.60315446532938,2.2954126207519323,11.740761704206871,16.44888298742743,21.6857016666861
Cepa_34,6.950184148103125,193.17633195103087,6.278669143222043,32.520635078972376,27.33879854663382,49.57993397958776,54.25121741701232,89.70849993479072,1.4577928244438947,79.14774926317502,2.4973271319182464,17.127301760238975,14.50849575846936,21.65895098114727
Cepa_35,9.391193647637873,189.9826097392982,7.054064351898479,34.93949391777402,45.92582802590576,32.00993143803834,53.76507262884795,90.89008133946116,1.5422248893015351,79.02184580240919,1.6539317438669827,17.154252910808335,13.144567122397433,25.373764621860495
Cepa_36,7.739546475814676,234.16738252979454,7.027600417410207,30.30616136342213,46.36303837198711,36.72982163881986,51.608459387115715,89.94390246608073,1.5340593569065228,60.53159500500125,2.481291024427163,15.305628501593754,14.715891960760725,18.443048147610117
Cepa_37,8.004268873845216,229.07974226181074,7.074410071974315,30.394610028198667,55.53839506884303,53.85141505357453,56.70910702015528,79.34834986047065,1.4082985177122673,59.111488657586484,2.4170706221503755,12.293158803010389,13.39900114974436,22.99604111815082
Cepa_38,9.032334066653426,176.34211849502304,6.539621618700816,33.45779589531585,59.303034133020496,30.109005233279923,61.49477556637207,83.53260709384857,1.6979633268425531,61.568813686701915,2.7256574857696556,13.396522789555497,11.313326170115099,30.274557252928325
Cepa_39,6.680695485486423,223.8752294894026,7.209685446893341,35.15802825149145,53.154831329763006,50.59171863189309,71.08118444243722,86.94584293439782,1.3170130351272349,78.75705856179447,2.9947366224839937,11.281591213867133,13.85761498655901,14.160100233348501
Cepa_40,8.425440985710937,178.2668953984956,6.729490427910398,31.006136941793848,52.596252537045316,45.75811511470094,36.16892647126644,85.94038950772268,1.5707067063817617,78.84003873397654,2.8691392325958676,14.372252866841363,14.746587015264813,14.637460428011348
Cepa_41,6.791950222901576,184.0148188370097,7.543478135618135,33.1685634668547,15.879800919201559,55.36631954582018,48.875885514326555,94.94075690562602,1.191745181918256,73.05761643282727,2.4712052915834946,15.312552842310172,18.76030787863813,14.723835324093926
Cepa_42,5.40849575881909,146.18149472942073,7.545836791819155,30.53513089817572,40.71080717805694,36.027278000815016,49.626742895773084,82.55224810447424,1.1059606846613703,72.81965710828898,2.2785872050762026,16.53663193258522,13.500211295424556,16.73534692245701
Cepa_43,7.413650309367348,239.64117589508865,6.564855611972344,37.78125776307436,43.37803871896432,43.38406226858322,66.25420356834047,86.44379323360769,1.5504327747254927,53.533101583126815,2.174546244096592,14.816718318613278,11.970094773444991,13.573580788554615
Cepa_44,8.860708793607586,216.7944326553087,6.186555044204412,26.128287398583677,35.74618220099873,58.15150356735678,50.72004326711988,84.45922820536968,1.6552452663794495,73.31297567655194,2.078474801538123,13.218830796453462,14.719034855064807,15.959810392017156
Cepa_45,8.507883576499703,130.55988114539562,7.114012544289025,36.629515673972584,50.50022086669438,37.97688670826167,32.25789288304817,86.20535300877818,1.4289946803178903,54.20381372282731,2.208168208234754,13.164925415395764,14.384695533903074,19.256512701897947
Cepa_46,7.98225425828177,219.14398365282722,6.499883795578011,27.94319990576388,58.71281021680806,39.4257181957623,56.05276556639892,78.73423441487071,1.626784598069577,78.31680014629417,2.423430474384042,14.75779887818624,16.249660636941677,25.775784937446335
Cepa_47,11.588547898906588,201.95638667679253,7.288308848891173,35.273549655211504,42.08059148450127,39.138832067994805,54.59572922150873,81.147252246762,1.7497763470088448,66.74983405082637,1.9142894179518661,15.594694527289722,14.421540171655604,19.86733798483653
Cepa_48,8.619368240463167,175.09288387584812,7.047611475801653,32.88957080613397,62.64337755530192,37.866655048237014,57.15701878925578,80.08510794552737,1.56393293443675,72.37344583852568,2.733994869471507,17.825080706224462,9.707498215143351,26.96417677022331
Cepa_49,9.46810400890602,155.75949768887077,6.254866223615641,30.44106563919618,46.02188709582266,37.73803598506592,42.51804542824621,82.5794647346425,1.5988003387039866,67.97492282888548,2.4184897086823307,18.84333548212977,12.83856887898928,28.246931148773687
Cepa_50,11.35721500774693,257.46677165118325,7.038354254359905,29.47541555629746,54.034525461454095,59.89428866349897,75.62841617301405,92.33616378201842,1.743379981112581,69.1503290095821,2.0944748441692744,15.39667734236515,15.61749413527203,24.89639917023187
Cepa_51,6.058872015258126,189.897107017465,6.825219200789506,28.791445822423697,41.51624507410597,50.93623332696046,51.11368259457585,91.72538506406656,1.4226812576796706,58.8565282776888,2.1811961230850496,12.76658334135127,16.33474596766722,16.312115092730227
Cepa_52,6.44181768469257,156.21423657661293,7.015204805136886,33.610940760593714,41.313457814599474,34.92796888682005,52.740437698076,84.80540586497034,1.512679918031684,68.2689831583942,2.9302152964474155,17.411656006010766,11.250466750629853,14.491221659811002
Cepa_53,10.615568337684396,170.0794004403524,7.417235351187919,33.4013130139155,50.407707439411375,43.4766577463209,44.19989716229007,85.82389572710639,1.7793842554782051,69.24584010175772,2.982938410145185,19.897937347874368,12.57202873652547,20.042468884052894
Cepa_54,6.802905897138406,153.9968622204784,6.780875560647797,31.536303372419,52.032739391071345,38.43111490547085,43.82797595350331,76.82454597034088,1.5328904814001074,72.07037080311095,3.693404417835432,13.269059907936256,14.330664728247694,19.957214699439934
Cepa_55,8.044524845454996,159.3314058541688,7.0939203416645515,31.746041008514048,46.51587471508492,46.857670177739905,40.327156483014576,84.45195079573419,1.47633097922656,75.38769308578509,2.798257438084167,13.711633381336487,12.147337984677398,24.66129625376367
Cepa_56,9.603973954136523,206.9523386932244,6.573978516284373,28.266652964593845,27.609931137619476,42.33320311575344,50.28026977862612,88.0370804527967,1.6712282552518876,74.84858080596103,2.150896361992744,14.664923781922312,12.261560199633628,18.860835472366862
Cepa_57,9.336059586939756,196.72200384505157,6.572853514513584,31.52065734575706,48.3671937344972,44.524902834874254,43.509017934920394,90.8917016935564,1.6467548843334374,72.7417728467916,2.1280697850147847,14.814551908982775,14.804009179554404,13.573988975533661
Cepa_58,10.632329272971663,212.98098586595768,6.682068790667024,35.43377377906681,65.52500887826912,51.1344407727428,79.67760809470266,85.08152271054792,1.6475620384347942,63.50047585506418,2.6886795428066232,14.140721779124236,15.183511995636295,36.26199677674624
Cepa_59,10.243466205550204,136.34360178081425,6.67332373910646,28.489383039554987,34.24318051949879,20.704739985501682,32.338091435358216,88.74013224192788,1.7742923098012735,57.03030635231079,2.896484513516341,11.773356472252662,15.126670010835449,14.587603801974478
Cepa_60,9.604089004558606,149.86623017073438,7.045574451387932,33.314238483203695,45.01651879771092,41.314029589494695,41.46003342181847,86.98716256898122,1.7313782144720975,59.92672539970195,3.2161519906895863,15.953874830080785,13.959722971017177,17.429153863460034
Cepa_61,6.840936928629213,201.87865724693134,6.328720831372924,29.58737779805616,29.434367750398852,33.38093246131405,50.183026858515824,88.40156917332075,1.3667463293987887,61.91914642973593,2.039323076119399,14.633307647525173,10.775669530852712,12.785886707756767
Cepa_62,9.192294001689827,173.61961093563693,7.08981087825472,26.963945577142848,40.933067518074225,53.4015958945687,63.0818953371799,78.92289736851771,1.4500542833576984,78.40550554285849,2.5649803447320587,17.419805344225107,12.63498951595565,28.830640733616974
Cepa_63,8.4714079917603,186.92506934403073,6.530029304644166,34.92361716999143,44.77161348697043,38.07185208783347,50.03491742343925,83.43905030960146,1.5839113486131378,80.8093326272786,1.905705207417518,15.989357982349683,10.977146811814867,22.522257184020155
Cepa_64,6.010601810089316,149.12456565949935,6.963114990695367,27.8855141687584,50.14711284625323,42.5933669662268,63.111560716035726,92.1597227080824,1.1495588295939032,62.00226504095732,2.69809309762035,17.202464586287704,11.985404070909693,20.393566581562872
Cepa_65,10.125948569715279,199.42360236804404,6.34314527841886,30.544523552504906,48.780135048902466,41.376283398456415,43.158353328516135,89.24146870815598,1.6314678736079506,58.491273278531686,1.9704583175462953,14.889166559155749,14.13825199094541,18.62643840028674
Cepa_66,9.21085480186785,246.22878762609338,6.966913950924287,34.62852748529305,38.41534357740049,49.835799715815995,55.71149360673648,88.62963813758566,1.6342276094318164,53.7411293869409,3.2359828765543823,16.417087404031104,13.215923610783959,18.780616516900274
Cepa_67,8.068235120946646,178.53095148940474,7.209000011523216,29.88633444724391,54.95933657144527,49.920597370845975,75.92849304413001,84.83764288897576,1.4298572656622892,63.681193421784705,2.131442166018209,13.963861620794274,17.469669771518877,33.45208497617075
Cepa_68,7.650361908523379,191.12121850251384,6.755640557417568,34.35051172628665,40.45702909650842,54.65358235184204,43.38706725160627,89.25150406907747,1.4904038559068553,74.1659794319152,2.802348858692088,15.772842067085957,13.431717679485116,21.844162425837496
Cepa_69,6.20254828294882,187.49950306189007,7.3459679628856405,31.019196764235414,57.29402958408997,59.70098652510988,60.03481211074473,79.54614999682694,1.297633802805234,59.01438961801257,2.6028629511184915,17.123515887716692,13.891084756641765,19.35425485254733
Cepa_70,8.299286110337949,208.13843982992785,6.671693620189418,32.479416454005516,65.20367977624296,59.46868780677966,57.48313023139912,75.57933421230692,1.3668789599596893,81.88702723097254,2.5181269851644807,17.70569988479416,13.096867603734395,23.515529513536666
Cepa_71,8.702658679168467,156.9715305672423,7.014447479482086,37.973734193683676,56.401835265358976,35.01992425397353,27.981580168145562,82.44938371228926,1.5870630240246977,73.62389653440849,1.608585721430776,13.872410401972136,14.60658279046314,25.97031567631183
Cepa_72,6.753267523635081,184.94515891459903,6.499693018841544,34.48179902893184,31.488540908627165,31.02403838388272,47.932353442351854,89.54076119775618,1.4339847203921623,80.72110406047356,2.4394331945956225,16.059356571470243,16.147523012072206,19.038745107935526
Cepa_73,9.743306073649293,216.73245727285956,6.906208486264743,32.50602566020238,54.94938722796417,58.832774973007794,68.57382286367186,85.04421068854664,1.7755706316461175,62.01347416124821,2.0155349850969224,17.88494130105239,13.388904424151795,17.483605369850565
Cepa_74,6.354195430275449,201.26906123978574,6.586966696222569,29.514182343564517,39.523079725478894,42.1555173385467,56.620932069816384,91.11748542167686,1.2987627355508504,77.16376491344346,2.1968482961605216,11.921172808600724,15.943497687535013,18.27454576507271
Cepa_75,4.815349474936338,137.52008874804545,6.532137663416179,31.757341781533597,43.53365946323649,40.94116222959023,40.452772445247234,87.40388663647869,1.1753865796201133,58.960283188819346,2.7309673726427834,13.996208406627904,12.738875539089326,20.153410029675083
Cepa_76,9.55959063633905,209.8032071071591,7.394474648141678,37.326075375290976,57.54492370615457,52.513359005337676,63.28932727498771,84.46971861045625,1.506448196699925,76.79920384090053,3.888438098841233,16.335971245299802,15.229034368644479,30.05795647526359
Cepa_77,7.3949509428468385,204.83720208129841,6.364713326966629,38.44190868322468,48.51511884952522,30.439666192767113,49.25052465622777,91.78591288512567,1.635984034818613,84.49448784923098,3.4273386484384667,14.320050031052459,12.827799189031023,13.787579759891752
Cepa_78,7.810955622030478,225.93766549971713,6.682446855809837,30.202410223232402,51.23812650684341,59.32915226375099,59.320608736970044,90.53806624160299,1.631596381138016,84.28521339720717,2.7524404423276727,13.779082087186053,12.80616977151469,32.40924216624752
Cepa_79,6.74372491576242,197.86365910884666,7.043333050407467,37.16471560232185,66.63960829695364,53.35661104480193,59.523041373251566,82.84558266420741,1.3711890898148869,64.63828105299424,2.7048630348966265,15.975940242669456,9.121816940076853,22.696661896318965
Cepa_80,5.591055858923896,128.83017216387833,6.899674020024253,27.3585243882291,51.84015503154034,43.79086849244772,41.57565278625313,79.30073519176558,1.2466214086278942,61.15719112912075,2.329566745552881,13.802659166973168,9.416624122447523,17.33952979402085
Cepa_81,9.882856062086327,165.78593961579284,6.011215628192793,33.817850721656455,51.064629951346795,54.97071492887301,64.47793641681159,80.35672954358776,1.3952633217718349,68.50016216473009,1.9600432235579968,15.351490879623803,12.768339486700318,19.44725039514641
Cepa_82,6.966696524229618,179.97171520368045,7.037420764718252,32.893402830382044,45.40607136302409,45.82858863017214,42.909894385177886,84.65213717227682,1.5001959087142367,85.66321862670442,2.733358410119676,11.67598186190977,14.461039656466642,21.490171476070437
Cepa_83,10.491428732221909,156.7671343887111,6.267231437608469,35.24535106122012,52.441205909454126,41.23379580572272,39.33056960390032,82.92182249079234,1.8054289913379198,56.48367209368224,2.2511374634360077,13.768522614978478,12.938800215445443,18.29722553665497
Cepa_84,9.210962279316092,210.49205715677297,6.650901115206533,29.5957898189046,51.86032591932701,39.35962106704419,44.40605214733556,93.10277905747056,1.702377414981296,54.89708976436922,3.3706479551504986,15.37109796572487,11.331005230630911,30.62077497289339
Cepa_85,7.52786277992381,168.12873922378247,6.738098250570039,32.14245180119706,44.08800680044845,37.84093768324624,50.846919593641665,77.190528575232,1.4122614624624383,49.55717708908992,3.5700971884840462,14.739103857055744,11.021424711402132,16.151502701786395
Cepa_86,6.3711463983097,208.21140455465024,5.618530443822099,25.553356075784475,32.772706739882366,47.69156561041549,56.31283787729515,86.4014403915657,1.2901717573246334,71.17888685684554,3.5111369107742085,14.959460750438312,14.333354621397067,14.928695580274153
Cepa_87,6.901307019919314,222.93333764535635,6.757098158857332,29.33205550292252,34.44502315688539,45.10832304163261,45.728995211530716,81.22436524732029,1.266588837409898,53.016168295266255,2.180106625683844,15.47243850328191,10.800387999635452,9.507852729389
Cepa_88,6.181215303357245,187.744038040295,7.0096162591338596,32.20073549945964,55.03492494963171,56.34693994612801,63.93783174874139,85.08051684960209,1.3959225033542246,81.86707775740636,2.2568471222823514,17.390401652948032,14.721172519063554,18.307733146183313
Cepa_89,11.130670039382277,207.43438633160102,6.719413473924939,31.75062722559864,33.3417595566192,47.51055113231052,58.01757020852313,88.57714820879814,1.938282391808074,86.42408843755814,1.8905112303145142,14.595531403062376,14.226320877824893,7.582920824982045
Cepa_90,8.246661845344738,204.66842673275858,6.92060635386337,40.132964678458585,45.14102358732931,35.673114299375705,46.66242141873397,83.46141276919755,1.6370544722107785,68.60744964157165,2.830229355287221,14.810627111015584,15.946907408939374,19.165289421749414
Cepa_91,9.725308313819948,237.6022814914138,7.75176218289349,30.458388731179202,49.73147424258002,35.59051172416823,65.66791501113826,87.67925964414958,1.6912565889828302,93.74044064902104,2.1201702762364967,15.385661728917768,17.9199043122526,21.0845432677551
Cepa_92,6.0989719264846585,234.82140590237634,7.234379349250106,32.8408358567298,65.56565614717515,48.1593487914479,68.9328202917578,82.45029968275102,1.2772320224317133,72.24813225311252,2.2198322838609,14.345541772579976,12.653391698284665,15.161130224703792
Cepa_93,8.271552694395506,193.84411348832677,6.826628986694898,27.86128637657522,36.345875220559776,44.42506807796918,53.815783638285836,85.46843441416317,1.4219582271029403,64.94564630145229,2.0575466408060965,13.427053248272346,12.634868653220511,15.651839695263117
Cepa_94,9.766792908212867,178.63092815969415,7.842596889546297,25.3233297857689,29.650391595163438,43.4413283757812,52.42020346043331,84.94551721338911,1.6065042388582012,64.57822169223341,2.27371312469109,16.65958883967461,15.687497755334633,18.078829449029207
Cepa_95,7.497483857100476,166.38661680173823,6.638599990493186,34.059539225137634,37.28949008826843,26.37031994943214,33.71474376092378,89.52517243483106,1.4965034330735496,84.3618066094854,3.318792945527423,12.272189332708278,12.781376204026833,23.206422880197767
Cepa_96,9.546671688382613,175.4661425793801,6.972227464265936,34.9359370515281,54.39157087245617,52.12867579167477,50.10984889130237,85.25335023128562,1.626211831298174,77.89364510581258,1.275277839160805,16.11337665211271,9.92018308497718,18.318819172999756
Cepa_97,6.37314813199135,188.06205685742606,6.131692369814063,28.33867606900588,59.29995376895977,52.531613804634944,51.50191944921562,91.93620277201799,1.501455231672687,49.83095099419084,2.729531029068922,14.53201985038258,11.557360866623208,13.274379681916711
Cepa_98,5.954792683072124,165.52031482267202,6.987845779263589,26.534854865396486,42.08455098924709,39.29708454921896,57.9445528871163,92.14166928519722,1.410714871389645,51.1602551188598,2.1061929659314638,14.400694704835658,13.695291982128268,16.28993385753517
Cepa_99,8.569100918117204,213.57600028297207,6.726228267539535,30.287064701029575,53.89419060413559,50.841521739107534,52.97888282043433,87.37945397743933,1.496729178600105,55.320051472644714,3.6684177747523643,15.630291947373005,10.613106816338302,31.030512406558863
Cepa_100,7.431235348141172,198.47225761842265,6.781811587368501,36.50392860180435,40.057024825450824,53.50114387179903,57.92832325768593,75.19708928695468,1.3215573283806168,64.07756240680303,2.913083342805016,16.031469942690418,16.937998167430823,15.534079753255648
Cepa_101,8.963082033907748,211.11389263949178,6.91904104971808,27.529343889001378,49.87535873296403,50.83030165467546,73.40908347164637,77.5908225665004,1.541466369113658,56.98738557222564,1.9965765539494627,13.313817408567944,15.600595477976114,18.754812427910935
Cepa_102,5.033168102719326,171.00480160474305,6.95947996482009,34.202008552427806,53.132359586836,35.50432023536615,48.64103081639588,89.61801690526552,1.3098551049155822,62.32232390651495,2.202599336122747,14.822873103383978,11.17001952980362,25.034898427448688
Cepa_103,9.068396953205777,180.16153636599518,6.315251342815876,32.63552181531664,54.824838469202376,56.13955206485114,49.10833260920984,82.13932335545448,1.5544474545084057,61.869090395241145,2.1907971314429022,14.017958700544852,11.345621839813713,20.769597061187376
Cepa_104,11.897455890903972,225.75427650459082,6.654990063668958,30.28065758746797,33.72219899861242,43.33437633868852,39.29001622836902,87.80199888853022,1.9443443876070472,58.82392497063971,3.0680785009015263,13.22378262054396,13.110390439346519,16.415936006338008
Cepa_105,7.963061027852779,214.9879294063956,6.812621672202495,30.421565843584947,54.70741298901024,42.96052267803395,54.896074399100975,81.37688170110036,1.4397180908625606,91.19266276607256,3.347864784833394,10.83558220869828,12.198565283035322,18.504566220831748
Cepa_106,8.051213193364763,208.4841688872642,6.179833306074598,32.035131347588,36.00370418334863,54.69928990227387,66.72175578963532,88.98906273424636,1.5394377350388206,84.31627279897468,2.5458004202390376,16.953330254062337,12.654594959895315,16.977596956397836
Cepa_107,8.26932422695802,149.98274351400127,7.087658706972774,30.546028462647975,39.56827325222109,51.67381464570869,33.987155809691565,90.83312239525041,1.5797466200311,87.74215391607106,2.4427723975529703,16.377491137470074,14.256965758467125,17.53407632695661
Cepa_108,5.20703643381232,132.64923876268102,7.585024755173938,30.075109118679336,35.46140629552353,38.62563374521928,47.00971639576735,80.40572067251956,1.3192869679396866,86.62700940150953,3.0611237430483667,12.526604719306762,12.463780466803247,15.235463011822668
Cepa_109,8.639219959535465,196.7391048739185,6.893113582975637,30.982156798035746,42.09552101004729,50.66076617106841,55.43128603004702,81.72259077155758,1.7072460090115213,69.27289369761677,2.518336308777986,14.811659140220412,15.77551848464595,19.180118984267576
Cepa_110,5.591885383976053,165.7687452681082,6.495886475219525,34.9008534776215,41.3197203194738,63.605651746485634,65.20123460229324,77.54938590139406,1.390211431878399,71.16731614518768,2.718772281991268,12.771413585178806,14.646884480156045,8.658749444443249
Cepa_111,7.358480602814294,202.58834293788672,5.917001144619595,33.00722636088761,57.3740411007188,37.44581418661288,59.59444286832238,85.42963244907197,1.3828309093641524,60.90020849306224,2.5665020806046335,14.394654673221998,15.11798518195916,25.562950873473056
Cepa_112,9.864304324405605,185.22105378690142,6.207748495717078,32.561904279534374,57.1009701195929,41.77764035163116,58.90556353818557,75.9635008838916,1.6717285588261563,71.60221721045986,2.0762580163803084,13.815642659343036,10.763992120759024,16.923355728826632
Cepa_113,6.897174565849886,198.54357272188332,6.96364337897733,35.74830108402382,42.0112941740119,39.40963332576712,52.30824656834919,83.96846210810561,1.2723649470641538,59.96467853448269,3.1898136956314813,17.659784920588745,10.054910592473446,15.874591716788956
Cepa_114,8.7518734843511,205.39842775265544,7.302633963574634,31.498995616214305,56.06881949812582,45.46813022887362,60.78249108422458,86.99117378285143,1.5516188196816634,53.87553725435147,2.2292019607249434,12.386691166293378,13.023597830558334,29.10465584970794
Cepa_115,9.519108580934557,242.069541721023,6.702107731920873,36.67258190863364,57.48138417231437,46.9717040936469,67.17164660240154,94.54232625614337,1.6543425725799148,62.34930231418011,3.4640050109387652,11.679455276928657,16.65652500447529,26.75999946919582
Cepa_116,8.418111284144,114.41692127772471,6.2238335273073835,29.49817920873965,40.5123219292294,41.25399311935927,34.49209868140956,87.79085951851432,1.5014151349214568,78.83669104484802,3.0612835941441747,13.89492794870022,15.336644995740953,25.615868163760933
Cepa_117,5.9435772948580885,185.16354283400472,6.471291285941109,34.84738033607059,75.07867191984441,41.059723281928584,63.7424248100216,88.75655651789017,1.2439992726408582,71.03565557113386,2.580414989710331,14.600951724139986,14.740463101308231,24.313033693485472
Cepa_118,7.501287086972879,241.86977135849844,6.597792717030031,30.586548469744656,41.11716676044117,39.66315678783268,53.81488232959944,87.18407753675471,1.553336726472534,76.06896745017848,1.8679967961138635,18.91226692431202,15.404231400609909,14.83723978685908
Cepa_119,10.939117013582429,135.04975205568502,6.024469234736851,31.67446638859547,47.5991043589017,45.502363960688356,48.640133629425826,86.78630661103492,1.8846599958673178,70.32606269085072,3.2991370102264983,13.358752075821057,10.758706914460774,27.663655716655036
Cepa_120,4.962431355503794,162.53022097016242,6.713552395564471,29.292750589465346,34.449365934823696,37.44422204870415,25.683090569448222,85.50044891765167,1.2361553403355838,60.830146832711876,2.6533666908391735,17.36932685570813,9.96334853638338,14.682691476956316
Cepa_121,7.586320979200737,177.95545933136353,7.146837834801023,30.596665541127972,39.65651350015515,47.023373708126115,38.43578411614841,84.1179979854663,1.3308810375637785,75.12540667023434,2.9641263644034823,15.683207870078029,15.497237493426372,27.499232552089843
Cepa_122,7.171837892767838,242.83402287010847,6.08034797085574,30.385467532173653,59.74480320370159,54.387852571495216,75.376707906967,89.89741043734332,1.4372768792268071,71.09225408015294,3.2024850909234535,18.718115150991434,11.88260271626364,18.342591960662986
Cepa_123,8.181121044645709,177.97558631448652,6.557663987041646,32.8961059008122,43.751010042278494,48.69599836761731,46.73741761043735,87.498270759897,1.4796889473705706,83.20758161320987,1.9278818417146715,15.395134794025322,11.334408077816306,22.44032859065819
Cepa_124,9.122323425780845,212.00160832045873,6.055522209278501,28.835137670217648,36.18884229706282,31.951216107156906,41.98277474496302,88.0625974947165,1.7438050886577936,83.69867327722366,2.6445913324621313,11.51943685571995,14.079478454609736,20.382371211233867
Cepa_125,10.41303645203308,222.6061892696065,6.495892582340685,33.56224466497536,49.05143039010807,40.28953606895681,49.52288852627689,82.05398065883385,1.5610745705359719,67.09764080815555,2.2963315510468068,13.041874048839738,12.495285056706994,27.70036648127177
Cepa_126,7.594651411986263,179.51692033901074,6.680259840345616,39.453528086659574,58.24660980261861,57.104509608376624,46.058233337696876,82.45013036259596,1.4035827720686618,71.23692128571417,2.6537573685192855,15.91795523575427,12.83867047580452,25.852205802933753
Cepa_127,9.21851199496523,174.6017920791665,7.1905609077545884,27.83610538216937,60.02458523635579,48.584315449841455,56.49230359142698,94.33499389125971,1.5631861686711663,60.96857876956666,2.7480914327371613,13.263951116817655,13.783677700478085,27.87348172689732
Cepa_128,8.749610217297759,234.08225618650428,6.925082208762483,25.349231794067602,59.31191853967084,56.44024893405834,73.20368413895935,83.73129899389154,1.5283036185337855,61.37723286148691,1.6744671647622411,20.15121402455896,13.442582802852382,24.6872363095798
Cepa_129,8.7115209468077,166.0965995151944,6.326270617064007,28.526927176000022,39.83027529792008,45.07006047423439,47.960608589773436,92.64781276816798,1.6669099695304839,64.3291403629634,2.3622737926844364,11.206179836851664,9.64493933534813,22.945446151769097
Cepa_130,7.154114102710292,180.58338701165803,6.817801868620976,34.36013480988044,52.604888246643675,48.95813103741702,56.85148060662245,82.13825261866523,1.180175569153344,74.91729628378545,2.5457146449881503,13.783349893352652,12.088163046771108,18.348287658618137
Cepa_131,6.504017796836149,192.32826615362544,6.696313066068972,30.133504592650198,55.339691955506254,39.02271387930976,41.233154305117175,88.47375166219078,1.329596562060627,64.81870568421631,1.8686531186375748,15.670085845724024,14.502311744885228,25.83970318141828
Cepa_132,6.349935331068954,227.24005342645202,6.624625784100078,34.692877840344664,69.20869154586123,79.04523293615401,73.24199730647838,84.52810883964193,1.4200656005186418,85.48897804260551,2.1235575177605215,15.409102548777115,11.818873435891838,34.717607117991655
Cepa_133,6.865344185901315,174.64792528833578,6.732645523873072,35.07287770541379,54.504279119251684,42.51130901341321,57.26852130896932,82.53100656135915,1.4845461691909676,74.74820998579432,2.5589497089986124,14.105641115564787,12.401176530872268,17.763730292767054
Cepa_134,8.48252986379934,195.60836619855954,6.946354420028599,30.80495045813795,41.163696206542845,40.79888141420856,42.01817052051256,89.12644487206813,1.4933452003259273,67.28526363072099,2.8504390331958405,17.640376226519145,12.330949041872305,21.769885447122572
Cepa_135,9.141424089692494,161.22172018254767,6.953160995704096,34.7699618711108,52.31314236231757,28.856811788842723,65.85167464161572,77.05146621930587,1.5461645940350406,80.12724496070531,2.4343060779081727,15.371974865109108,7.919583859761729,24.164260056888352
Cepa_136,8.485203271785343,196.17638450524012,7.080722948737959,25.865514679320658,63.48039998658159,58.17008879565518,69.39985178299136,86.52506714594767,1.583141684525805,62.59463246075686,2.164643370189368,17.445038463228016,13.338002619050116,20.269258485551713
Cepa_137,7.176567355706389,225.77356984580825,6.865820658113989,34.88552082757908,57.63845269306915,41.163219310788065,56.93747636089162,88.17067084025132,1.4327604045957107,63.54330621233348,2.001205413639465,14.20263928932948,11.854333823205229,22.87718582536629
Cepa_138,10.708955164898713,217.11741792680488,7.507913193896439,33.12560504149854,24.55389843442444,38.61181806876008,35.32723638951069,88.90997609712102,1.777835827992597,83.33101217043483,2.356760033076343,16.69283658820681,13.917045862277217,19.21567185429211
Cepa_139,10.27829843544731,244.21736233584002,6.996679056945327,32.459450712269664,65.15498595280185,47.20228332160466,76.4220257621977,90.03911988723911,1.3476920238586318,56.894541711851154,2.1103225296783066,15.897118137695035,13.670720861482348,30.25107105419566
Cepa_140,7.46899983087474,185.4322347427119,7.391289246282649,35.44068326290598,58.6014714993026,45.00697751205673,58.72147024751831,83.7993505766019,1.3341827625971607,68.38531849375767,2.8272223496960796,11.835862866475752,11.496474660264088,18.426787317294078
Cepa_141,6.764852891021501,218.6195110476459,7.078401715823015,36.16020197260314,46.74626637728225,46.939658683136194,69.04545156833744,84.579677439016,1.2901629828172996,66.14826961893523,2.6404196617160203,12.858848719574675,13.901813063085443,20.140983425664867
Cepa_142,8.195322431236955,183.86780304786973,6.5425234542585695,37.28375681827453,39.7059014532009,42.6724502553331,48.38928153859429,87.80460750021992,1.5838332293195991,62.71554231547556,2.1619982335752184,17.127469763761887,11.926098514051038,20.020352316401844
Cepa_143,9.90094796758153,201.17824709522773,7.306454448784343,37.3494960956973,40.51496418010092,43.14254200972719,50.21651290319319,90.28703484559078,1.5460188262912458,79.75685829833859,2.6393352655306144,14.910074092611513,11.530270867796268,23.49187205955967
Cepa_144,8.499147465881176,197.44444938805472,7.277850907831342,31.852953932915177,43.727546899366246,44.16398870155898,56.32543731148679,88.4764478823258,1.4452519905020726,78.52996503972606,3.6891242993216893,17.317972179523807,10.01449059341166,19.22743527025848
Cepa_145,8.834823057365066,187.7824109120932,5.637850415150959,31.135190010109184,41.17683218262988,47.66522822855893,68.36082013643056,84.74925140842402,1.5680439051432664,77.00457157798537,2.8180759120804546,16.724209991302313,13.78930576018981,15.655006725841018
Cepa_146,7.681879816586561,202.65869464255144,6.525707303331324,31.9565597135254,53.817271430721846,55.982911720009916,56.71588033800594,79.64213363103458,1.3394284639806708,70.2850345657518,2.613612514469634,12.798150041167476,12.735268307381471,27.035752022528136
Cepa_147,8.684406342803346,152.34826060100661,7.364469974631557,23.282029314698818,36.11000371216323,47.52673363295282,39.91799424959582,89.70639590851526,1.6327260247984312,76.30371058492031,2.886786472212154,12.318971158487622,11.830191966161937,11.502343100600807
Cepa_148,10.316816677184207,219.73588025842076,7.181541717390205,34.12215583209425,50.553709783647136,53.04269965599275,58.14387036140009,80.99677265026958,1.69254129973756,49.901700513106114,3.15120093196461,14.859205405382498,9.874030062426469,19.031172008376913
Cepa_149,7.6404968277834335,180.6964861660673,6.215799336095727,39.19037089886172,52.84607630316173,45.00673205134455,74.5544103341292,80.6240155298825,1.647340276007775,66.06960641324261,1.7101146308162063,15.730471098027088,15.227258405382845,25.12243870205138
Cepa_150,8.214961598761809,169.54357369112742,7.092047379737161,33.84088291507363,52.86764536978849,55.291469271653106,55.78967538955398,81.44001958280768,1.458524288170292,70.31623841941096,2.3015426294704104,13.624522489350884,12.463849717158446,23.1835244016856
Cepa_151,8.38072471482444,122.07997340764521,7.4432992407040155,27.261307472793895,40.51488015340762,54.51894395916244,56.55262628531779,86.23705601844415,1.4804441511657878,63.97594264563785,2.223617308921412,16.053138354899446,13.586121077087789,18.6824697961838
Cepa_152,8.425588033656556,167.16369511014375,7.087541329737678,28.835547096852807,46.39244378360233,36.02760789556573,39.84947508659416,81.37927330018725,1.6230026322925866,71.80024251022654,2.191535307223239,14.268476788317761,13.574826712267582,15.784409275981544
Cepa_153,5.882166685893159,159.80527269454876,6.173957252645193,29.042895920668723,47.1634625383673,52.140055421796205,38.16413094732593,79.60521356223812,1.2226829759226678,93.94962240949968,3.5258369752318424,13.149743976065281,10.225825379022792,22.873413766225287
Cepa_154,5.184697016189158,183.63019188526195,6.525281362560944,37.23190712331931,55.21502358568272,37.238500756274014,47.3476943342411,81.1842879191428,1.3696265336631332,71.18169570950569,2.7414055698088293,15.357026020921834,14.427073245851638,23.252450703460397
Cepa_155,6.470517393617241,207.1322945381315,7.039760341165232,34.41270176725695,68.1104061901367,29.08828176493198,51.08178824057532,82.27230032868181,1.39534323358895,74.06546395772727,3.0698878911121694,13.635547770063022,12.671250439026922,34.7860565086783
Cepa_156,8.251913443102502,157.32869318845212,6.667851882045628,32.89330959305082,29.578473825507164,54.186826535262384,56.24872882012336,89.31357495817467,1.494803350365869,72.05381147496385,2.642858728420112,12.12349566767001,12.390708348438668,18.073880478088707
Cepa_157,8.830784249004816,219.414329182439,7.312858596159113,33.26057598280591,53.99973682120742,44.641294864666435,56.99148369369012,84.93636087169796,1.5669986251927739,57.91698980291372,3.902075071094963,18.184232535831953,9.15853454183752,15.363185850381388
Cepa_158,7.203988160339564,189.69461480941675,7.024588293958578,28.695440226434616,50.59752830881386,58.5822400602608,74.22289181220314,79.53793669287424,1.7054695897457153,55.074572168864876,1.5062100409403385,11.449041415169882,15.45941902990392,20.880602489011157
Cepa_159,10.06588622430096,200.23476234210122,7.614382783233098,28.21982352316804,31.031112975447964,39.177657476626145,55.70424926139892,88.04019936031048,1.7554540583298912,53.635310182398364,2.2985267377017546,11.698952797410232,13.016111889463039,15.783285019530833
Cepa_160,7.785236038510719,199.05383006485593,7.239557956904336,34.71849221126172,63.52553513743891,38.73776158430292,67.77307226093089,85.26122409323611,1.4935713054452149,72.72282740183152,2.301667250171554,16.914168432919045,12.703592526159973,23.691394345468417
Cepa_161,8.030473997351937,174.024845794684,6.972447995398779,32.91529554327745,63.13321803265346,54.71338870427006,54.528047984261015,81.4118622446619,1.489789724216855,49.571882300237,2.3342256259891556,15.517455244489543,11.742060566198582,23.50871048615701
Cepa_162,7.7090541941710065,180.494961168465,6.70447674999339,26.577627753465194,53.038460230811076,38.957904494686595,72.38684333950913,80.71492368277907,1.574621622685127,76.4477513962725,2.9524747575240773,14.212869350558089,12.913531925405293,22.148117950856275
Cepa_163,8.201040189119997,169.15935108509842,7.457893080258127,34.014643744359574,43.13125506423354,25.778324985011164,32.55523025503359,81.70372372326474,1.368271387532073,67.84706585055889,2.577996867723786,18.43267067219155,14.208026668152108,14.84857943410081
Cepa_164,9.056711111065406,204.31284747472836,6.889999984886366,36.074455082898794,46.48532011831197,27.439870513842834,47.81521879985885,82.69240640394104,1.5875523088098582,74.50125158432238,2.8297668778248837,14.067569329715376,12.800768621450048,12.225055859176742
Cepa_165,8.998480156868498,183.10627398307005,6.483724263477164,32.472202492756686,59.06053698297632,26.18314184007264,66.7964007551109,95.16515648388174,1.3164822700854995,56.79594407991122,3.00534023063525,15.01104332831039,14.033660412728093,25.81736073147179
Cepa_166,6.652365589085615,174.8154663984239,6.863921232824243,31.451191295312334,57.981696664003735,36.069419314960705,52.94084793691941,79.7564682896469,1.311895796317395,85.51382000328265,2.6159000735643336,14.989931321139046,10.891785484145567,27.515635825208527
Cepa_167,10.285495664717791,196.92870228176238,6.8332665539631705,36.49341285121713,57.920715501196206,30.998242940900383,66.17835536065559,85.53792428577478,1.8133422477628485,69.40264643466338,2.8659272927271293,16.448403172613208,9.41455936603557,26.75580278622009
Cepa_168,6.357460313859624,209.4873268588965,6.397076953651167,31.6781055425219,55.30601658793249,46.10139409311954,59.620793233327255,80.89888535934216,1.4739691152714842,51.14693190577631,2.2597317079443506,16.47345795672265,11.494021671284184,22.619345443774055
Cepa_169,8.118840521135919,210.52432900512423,7.203566300097619,31.015412950521892,67.1375749505389,30.513818338769745,66.35052380455642,80.75632692601951,1.5724810759315957,82.25448966609301,2.197739369172858,17.95172641139013,12.45243087080227,21.956312322164077
Cepa_170,7.588405139716471,229.32391358178958,6.7765644253610215,27.449294433940388,51.29610287277226,38.45285646749592,62.35681273634612,81.33970751574076,1.5228373731214213,57.271825012886985,2.0557279672191564,14.212028844273446,10.93567029310788,25.0156055356979
Cepa_171,6.426512484022269,153.01328000622715,6.85282728846646,31.149611622764112,62.4641605952955,66.08163213140675,63.083787205765006,87.75959587000331,1.1710610994067636,57.77003797353268,2.544845380978227,15.069939932225855,12.97959439814541,13.339940407286988
Cepa_172,7.887319118039253,235.092850492886,6.446967390913539,37.54819097636163,48.943781636412254,53.133833318642154,72.9094646458186,87.00116097907531,1.420894530664432,58.09386681601435,2.0052778232647315,14.758991775369656,12.451929204581434,30.305107909771298
Cepa_173,6.888779340061403,197.85013982425605,6.714262762570837,36.53171037760752,70.80592475693153,48.9737518705852,66.83768822441128,82.27268851860283,1.5363184355973527,66.91382231263616,1.9607378280482881,12.578977093458706,9.43695912118324,23.373633373669787
Cepa_174,8.109360864914079,185.0755743110497,7.156672023439403,32.96552076316021,62.14852611798382,35.61168830313221,66.92568048563692,86.29982212145048,1.458550085442995,75.80101038794896,2.843537972342067,14.580043703262382,14.599345668432045,27.807007970343612
Cepa_175,8.60462894182905,207.31178926891732,6.7107250481880305,31.785398862580973,46.06041470325617,43.10872620403791,55.24502510542692,89.11128700604358,1.5468646539735935,75.59926993839433,2.03033012779573,15.670378580447233,12.50723600766373,17.46624401677823
Cepa_176,10.207894053459906,229.52208813104036,6.6624123332901695,33.77199983675327,26.06163752198234,43.2902077497522,48.01779748219753,83.14026101579424,1.6402332067102225,95.2412286584195,2.7768350130995367,15.089543837749117,10.452398498487513,15.302596112309352
Cepa_177,8.461076327941122,224.6570708916678,7.749804794397399,32.14845442713445,46.83100440498148,29.78413731592326,47.085278940732444,88.053161625417,1.4527324842450877,63.17608767667623,2.3864122533262093,17.69786190621222,9.929119587202148,18.140344625429073
Cepa_178,7.083161989542763,212.17029180104205,6.9079137402426385,27.797607781925144,41.78643997880297,48.712845996927804,64.01133516627617,82.23319758001163,1.3612892763063058,65.41166908261836,2.216053253457994,15.577601419849838,17.47615944162549,7.453204342542195
Cepa_179,7.412570283920598,132.63345691151034,7.089565603024412,31.99746284353682,41.29173532438135,45.75140162595871,25.738473231459714,90.06050260352949,1.375151431799345,56.305700390110445,2.9687910662076833,12.433563585012198,11.929575105881646,20.66402360549111
Cepa_180,8.209967159171846,182.3434853294207,7.135954704964631,32.93839241092328,58.23723292414419,37.50809357138953,39.31386174034857,87.87726910451835,1.6167468954988689,58.96440285464194,3.0129532816127105,13.655168917344918,8.820092895076952,17.859842013266263
Cepa_181,8.140191244193227,186.90322575329316,6.8640134757483455,31.88756237950775,46.9769802357467,39.954395783602074,43.44095576945452,87.32081722990921,1.535556084208252,81.1938563498078,2.6102995710277437,13.136000459689347,10.055068719581284,13.996514468154293
Cepa_182,10.18938390234263,226.62652421502992,7.097190892376541,32.62391437476981,47.03129123902541,27.771791712739592,52.0285434556766,84.24723916997728,1.8208267728786147,64.90952116235509,3.2198743406348753,13.73898097189206,13.130037909152387,18.703362402653198
Cepa_183,10.093029394635431,158.74055624226358,6.51413051880084,29.46085521401264,40.79115146327858,24.332952118613306,23.42274355829999,83.29033853806664,1.5705791891308336,74.5745395987694,1.644929692393738,14.191693916567836,11.42835290622958,17.650110942087263
Cepa_184,7.461596110636608,201.04601239098466,7.314318633254208,32.91013445774337,58.89836421352755,57.99295750074732,70.10465563107199,82.79202008528178,1.5687049258840664,70.21737669717116,3.066134773495789,16.82680601379582,12.595144583768743,24.689396421931406
Cepa_185,7.177036807720702,180.70622288710226,7.314438776080318,26.15277408470662,29.25220004985957,41.86822567814249,62.202102835955124,90.92055381528169,1.4198493031765607,59.394764164634246,2.1237955993791573,16.87192577736054,12.703569030206955,11.236788635703398
Cepa_186,4.164418093898212,208.53660783013515,6.877551809754115,29.834873935029744,61.93536415330625,44.7068035589115,78.81498878150279,80.39480835633097,1.3003766478024157,61.74249751373478,2.3884474184781945,13.650283072378372,13.051576088188195,35.14338812769543
Cepa_187,7.17661938001667,192.31363837993868,6.8111258144717315,31.833504840148944,61.301403012006325,43.283307160351164,67.74657362707339,84.11821589865109,1.4123843241656022,51.24605555472971,2.6798318873989424,16.09580412839681,13.034566814266721,15.70339562122826
Cepa_188,6.532913440873575,192.23633006144905,6.28790258894067,33.92523291560551,52.35240444660266,48.24963657614066,67.36455197382433,76.02661370873089,1.2039511626210655,68.07271575965048,2.1275768211245714,15.110724624398063,12.66735453274624,18.597222896709667
Cepa_189,7.467763312857772,203.203381627468,7.217548856551922,32.13744762355294,70.58883573035327,43.8351064247848,82.00811237237042,84.24298971958618,1.575198394073161,70.70794338953743,2.4995564224497797,14.837714104998648,16.43426961358055,28.872666606618047
Cepa_190,8.587376363525166,181.26049930975404,6.703201864310075,33.119727949081614,45.98265543725437,43.956682935075136,48.14850295771084,80.22409236916981,1.5450888125401634,66.97935046506323,2.281788408319582,13.52712441499955,12.243097505544078,25.16076225839969
Cepa_191,8.265788493798482,137.66414856246277,7.1253693215885106,35.09070173926445,50.45338730840701,28.707488345717707,36.95849920900727,78.36397760998403,1.3113673414131592,79.86868974060911,2.402423888976058,13.167811404561226,15.21750284193137,23.895974530901672
Cepa_192,7.955047989428687,189.57595216644154,6.1969528354408565,40.34148659003405,71.6157355674564,50.355513389232414,52.21171124208712,85.43200085295757,1.5100242670798392,56.875054935532994,3.5220972855791417,13.880575200949066,13.630496121693986,31.245955513266534
Cepa_193,8.29937316663277,165.27785008912386,7.109713934607808,30.874375014930408,45.07612685126891,33.573582387433405,45.10009535383408,86.54407496554217,1.553060129249089,70.4030426449415,1.5871548547533603,16.889023064023487,14.859439730066594,15.812997586516524
Cepa_194,7.8108233401535125,201.52579618872687,6.6817120618871,29.036096888269903,29.345820607900183,54.6375032517688,51.91785566770663,84.84853049096994,1.588693608348213,59.98549203083849,2.3867290730323685,16.81927339048178,13.91124315642436,17.260836563750953
Cepa_195,8.295528398815215,221.76526155372483,6.8240683966888165,31.695418986921194,41.593031606005084,41.13895041301181,42.397372116902915,84.33021846055294,1.1708034567600758,73.80239178185056,2.697617220138172,16.407549476228937,15.191949895119338,24.554650958513577
Cepa_196,3.1534174881210317,203.15241651179127,6.256479229513928,31.868624229885643,35.46692427587848,40.27921281567255,61.81456080944796,97.80847640969563,1.1302286963232329,61.141520777585015,1.906996865819076,10.586867030986811,17.93569776694414,15.559652958669513
Cepa_197,7.596059765373869,163.79105674824203,7.025933603065253,34.06710494484427,58.57469594247784,54.138423135213934,61.15579419518469,83.17180894063738,1.41214630106319,78.08051908939944,2.427171826981379,17.61032758948046,12.920334123570859,34.809522405453315
Cepa_198,7.83372391842049,176.48881688158005,6.610454340947478,35.08587458838675,62.9642813056032,33.90710364112932,54.67692891318073,82.69749172805173,1.6759971826341349,76.41152097864642,2.641961174484096,15.600978488679266,14.01888548900588,24.130560603375315
Cepa_199,7.488107425690122,151.7439059601139,6.7974696569451245,31.575541084983584,58.45438783341323,41.74516825203909,58.73897804059456,87.4160876124324,1.2769826424849462,73.3276254669409,2.6794660975724263,16.806604003522978,16.877351692014827,21.015480737888677
Cepa_200,7.673080606845588,185.4767352415162,7.124232334717054,34.306865656971254,52.521238637242625,44.48801316945002,53.295391274449806,85.18393782261751,1.5218419508766305,72.51752155117983,2.9277162109918438,14.623380505615533,13.500373508189833,12.51715048245152
Cepa_201,9.054965176710095,163.5229548064322,6.757042524521822,32.103923890708295,47.16050703243537,46.73798677945654,64.02440401920737,90.22109154554433,1.6466684007465362,72.86603029536109,3.0463024298033607,15.549992480605704,7.684755143025526,18.203531014201282
Cepa_202,7.102842002988762,154.7215686284922,7.6735870701373425,36.48665357699383,66.0907730571945,29.182022951182272,55.83568899382427,84.77816670369126,1.3680727272728177,73.1580765822482,2.3783944762778813,17.685776461823522,12.262925861219273,27.339480510593386
Cepa_203,11.301053148825691,231.45146997449373,6.4820826568603405,31.47649325486301,56.258623120493475,36.679223409468285,51.81465250125072,88.17958340064256,1.7527247243717012,75.38165053520898,2.527888092294636,16.963235124615586,12.344771896500603,29.01735480735488
Cepa_204,9.032445395333133,228.64744891116544,6.8727324051055465,32.78610185819144,57.306701023020516,49.692378831181216,66.15501363931253,86.4859819626221,1.565870036762203,66.43779664785569,1.7939759255606913,13.368870007032339,13.339455031606617,30.380063384649244
Cepa_205,7.990539123629191,169.01952970945044,6.995430144920052,33.21579577521981,58.10054528275416,38.979824094337054,70.12985523072113,87.41646429584279,1.4643818833066748,58.752768264347445,2.4835193962472637,13.71291866860684,11.792521760384943,24.0582291061202
Cepa_206,7.690006545203651,192.64492309300425,6.317679547065078,35.774378385144225,57.536051949577875,59.94626816163513,71.04944590769455,84.03312995581132,1.3436568538765963,69.65853336709971,1.7503475633529066,16.21874750864618,17.71010005119113,19.701532219038043
Cepa_207,7.8702165704267975,187.27524177683452,6.832981311903187,31.976131765636854,49.76884573086059,45.39645822873776,43.116703728166215,86.13575431325947,1.5863208740478043,75.12348658519075,2.507085948747917,15.15813252370465,17.365129341165314,13.853422689054973
Cepa_208,6.627039395084032,184.00457277787206,6.752236962538136,28.45525743259833,41.301381610783814,38.96206692536132,48.58663350349963,84.51468437291868,1.2534839048651936,75.12553485212621,2.9093230965587606,13.093407058526548,9.655070972905254,16.08246448285087
Cepa_209,7.857196191112986,126.49690515741156,6.929764398695902,27.267400507901723,57.085318085245284,37.112274336507795,34.5820468630277,87.31231572840717,1.5880387168892995,87.27459991823994,2.713099542118532,14.475468084468362,11.221191173881992,17.50013282263952
Cepa_210,8.418025275090582,188.52689261569097,6.911290797142636,35.12094384000827,50.37828544136212,59.03367892512156,52.13721978155672,78.23197803303705,1.3629090709839657,64.98470103884358,2.5511724324780385,13.579800359617622,15.119959134113444,19.84612176256144
Cepa_211,8.869312423359844,185.4077907517045,7.314370566088562,34.320720470251565,57.99793881421761,53.98595333912999,59.99348577373151,87.83088756801851,1.569212264316797,55.78928959887233,2.929224820202995,16.267619124864744,11.451308918855947,16.566011185401166
Cepa_212,8.8695346687165,225.45134633770925,6.902451187039126,36.73718666032231,45.026881585648255,47.56366893068626,53.406385905856304,90.48743859254623,1.5707228135680704,64.5312232091007,3.0407224953831786,19.517534475523913,12.127151691911939,17.843386831239066
Cepa_213,7.587683680151098,208.84682108137073,7.040693087779756,32.92826286286203,63.01726949756612,40.62691295789968,78.17021040457962,87.40708193981699,1.457188930820754,65.72592024783471,2.0977277123564466,13.64807046349649,11.553746915857412,21.026871550496175
Cepa_214,5.875876621217104,183.06929223419388,7.341847114767163,31.021514645359964,25.23442753640069,56.57585439876678,50.12987949866372,86.95606864877685,1.3832172500896411,61.842059770067664,3.1201495912581367,15.788702927875823,15.569439394732154,16.884003523586635
Cepa_215,6.996346060649832,169.71894541626975,6.143791616500751,31.717707980244022,33.592170149071556,49.50057775123168,41.93789733413285,89.16692904062766,1.379399884069207,59.73918154507285,2.0889785100336704,15.580520916148645,12.691835885162687,9.11710966740388
Cepa_216,10.418289564218583,221.45732509247702,6.691224411434869,30.512619903360243,52.41468866014118,45.85937204352539,61.82205048001451,80.87563779426709,1.6960360153934884,68.65803960627251,2.2717983600123057,14.735126100061839,15.534649832449785,14.394719735025904
Cepa_217,9.344087470114921,182.34664111501365,6.834557859271973,29.263355005433063,37.4949512762245,41.1421772289231,56.799205941977924,90.43601594188276,1.6144759885254198,69.30197379526686,2.8646031871473188,14.282504105687591,11.717956867071003,21.584047152136527
Cepa_218,8.554429379456261,208.67430635857448,6.175398454579541,34.66681046931653,77.03242509849352,45.4754818346672,61.595711149604625,76.80068103719215,1.6535436235026009,59.74220518227105,2.557567152458089,14.441665374430704,14.865304749447548,36.598607889963006
Cepa_219,6.858058632859814,220.61709932156492,6.87328147267329,34.78140096714953,34.77736892867983,36.478143103894496,58.64545516943428,89.49091871337967,1.265245168472512,58.54098421060307,2.4920863151501615,12.145223092211303,12.32039953608438,19.04691901994821
Cepa_220,8.005467732460668,239.39436582616142,5.8721212735251065,34.042879231282285,54.62908314090757,42.111272276252414,57.92518912637048,87.20037865897619,1.3984799232654204,73.88520717659897,2.5399715033562433,11.107905977140913,13.43127820239985,21.180413076632156
Cepa_221,6.116496971506277,191.78013546866148,7.089890049188896,30.875539270531352,56.37069689613723,43.4650081342828,29.5324134034889,86.39656949170475,1.1159798719082996,74.65789142624138,3.1711661840175016,12.766395051707379,12.205992886912405,16.845818954431298
Cepa_222,7.17209468645589,159.47818598900324,6.29406072928135,33.34032188830518,51.32752326203758,27.925019282996978,46.286631669791845,82.63182945255994,1.6199343382342293,61.914571563701664,2.5087115091508396,13.618461394167799,12.493957108286562,19.46369179944419
Cepa_223,7.632194987472207,196.81296085016692,6.3227148474221,32.23259973425676,44.064164860012504,40.3622353014315,47.91610098456563,89.39441467883647,1.3472450259189752,68.37540542157724,2.848871791399624,16.351298102953233,12.75807554752879,16.497694443285987
Cepa_224,7.457540102202181,194.6082763141395,7.0114508604580585,29.950359665793034,42.808330339584494,44.657376166472964,50.82442794478088,76.53284265322336,1.2572108446330446,74.92393842205124,2.870607891045018,12.714096876006545,13.42847922027656,11.941188863154457
Cepa_225,9.434902896584019,207.24933148659235,6.136898988967081,28.561486964953687,54.58027502311392,44.21433440012724,49.619300338468705,88.4280815595284,1.5626003757938602,71.4402371512952,3.5106943316773527,13.84517866718103,14.612905603490033,22.882415787883325
Cepa_226,5.871911128946821,203.39317076218646,7.661238850276486,29.207114799525325,43.97882324567545,37.05465190980828,59.95382514025229,86.55930722309702,1.2259455880894965,85.45356443523613,3.2347198440634664,17.244098212418905,11.035080486095625,23.76960108151026
Cepa_227,6.701851592727269,204.6081821128725,6.88311133678166,35.670914165099425,51.68937494363415,37.705953900674785,62.21059010430423,90.08585586834585,1.516730759396767,56.561403416263666,2.856398071406127,16.735747156319615,10.37358357821483,24.558754569633123
Cepa_228,5.937968043466671,150.30258196098478,6.737965688887638,32.83486079354912,51.48010960877527,49.639415723362916,41.42030887898617,85.8522339637052,1.2473068817891368,54.44471510630881,2.856668759803574,15.684811828344788,15.537062940416662,21.39609822705678
Cepa_229,6.1439701809682195,200.79876382638233,7.3178958252156745,30.183523706115118,50.21787088685144,37.67626312193051,63.24165288153613,94.16916364511341,1.3435739461677594,77.12471161252145,2.6103618682121676,17.37358946802315,17.082812093112885,19.137926803400294
Cepa_230,8.186083844669973,214.2700058790601,6.717226599616353,32.414035930294276,53.68678716748907,55.17797294966895,62.029217664004854,79.92222461601037,1.3395304039944742,73.51773735874444,2.4147394488844567,20.450478943375835,14.960548682660512,16.790892111981247
Cepa_231,5.599339200415592,196.68703830723842,6.907163227747919,33.79228702422063,49.19483339149333,42.817849716869645,60.5892407924586,88.1275532533585,1.2807322692197265,64.49812752401661,2.4991235895340544,14.91133165059758,15.609324855405998,24.20973421313091
Cepa_232,9.130803168256454,145.80526257946053,6.7199701744829525,29.55436617571841,33.496130422388916,48.533950645500674,37.98526614364397,82.22036451198251,1.448200692353721,80.88859358640657,2.5081985615950533,15.880268696049884,12.09148270911701,9.06616105051289
Cepa_233,7.629776334588387,168.89806240510305,6.608185817628736,30.405269973188126,64.00629988860864,43.21746823780028,60.28698760346799,82.967439108868,1.4316181285755527,63.58857786786923,2.2657973828297515,14.847705697424496,14.372013825980028,13.779805791925579
Cepa_234,8.103182498788966,181.69845233027547,6.993647137308808,27.387151450996825,64.32712041960403,35.96557294540013,55.99114503443524,87.27915089625297,1.4343311517806032,75.08005472177611,2.302865735049305,14.65364976148052,14.011004427373498,24.564647820683724
Cepa_235,8.483865106995806,200.86870830827513,6.9584531860412415,35.33790836577577,51.445224821992895,55.31160712191753,66.53056090256612,87.9826291488532,1.5542136604162236,68.17388739526744,2.476174777885525,13.433974461296398,13.364149918163493,19.184973834581996
Cepa_236,7.348750219622613,220.57451414516458,6.259321928463497,34.05922493425361,55.90915103066044,51.28455468524312,76.41228154361565,94.80677829872235,1.4983158925761244,62.357821987066494,2.3108360839173434,18.81166258192765,11.36008030238344,20.158688311727918
Cepa_237,9.548719573630066,190.90560584505056,6.361002524715828,34.30035383120416,55.84373246105374,62.30565707073495,74.05681462713115,82.65859308707714,1.5212823622831941,65.84889982020916,2.381242235884854,15.767240704354414,9.819445451901164,26.868636543781996
Cepa_238,7.708485909908547,213.07293587131105,6.498518380495759,33.982198107582946,55.92872476300947,52.54311970116645,56.351730066879135,90.83713424442996,1.3572067481686123,81.77554717316244,2.4015623646042914,18.094972822675565,15.546153435546636,24.778570232686235
Cepa_239,8.891105382858605,146.1994322220584,6.797375523570777,25.46412524096235,40.93799882730101,43.15783807823686,54.97750369929075,84.63469918161894,1.6084694388803187,66.13805879266233,2.952795273276961,15.766836452979868,14.472017644756573,21.74128182633016
Cepa_240,7.7013314258641214,205.59046838525165,6.944875881947248,32.43622931578727,52.14809870771889,43.67767300912981,62.583379408111995,81.28068968780462,1.5388617136666616,85.05359886751336,2.903415378758848,13.420422244740465,11.703963264099368,26.48800463454996
Cepa_241,8.436311581137385,182.35236006336052,7.681570083368194,33.213774171595325,47.277398775278144,41.172834913988005,41.61952055896671,77.15749231538707,1.6853686776232182,71.37797275172076,3.0563976528738426,14.768125602050738,13.679146578157825,13.74613169191078
Cepa_242,8.419494005236942,188.24503002080803,6.928519956327348,32.18505514677826,49.457142414169425,41.29922083309623,37.591802300742394,85.86763888809382,1.494760227488426,67.43834884211081,3.1289584007919853,15.947835044127354,12.081963301919899,29.381580429354578
Cepa_243,8.374954909183296,107.78357905284807,6.77403801916563,23.4421881991402,19.923480409465807,36.24490165485554,49.329632895700016,85.40112393097277,1.38834762342724,59.962594408015335,2.1384672779210177,15.322876028127244,14.560058495216937,7.4287839993028815
Cepa_244,6.538538225568621,166.1709621272658,6.458399866787829,32.120218896927646,59.892762881514855,56.129564673568915,69.64682696457433,88.24831056099303,1.3725163945129208,76.83333264461692,2.497355620424998,11.660362437286874,14.159448479559707,24.1251674981079
Cepa_245,8.65381365582116,176.31764714386912,7.215967875325165,31.321593212747107,51.86905178743497,40.629030191699925,51.02646042061034,82.17109104658434,1.4859169937933203,71.9782424517857,2.6714675422058054,14.95456202666285,16.119107872131725,30.865502620235755
Cepa_246,7.521564516350606,206.8593615960408,6.785113665012097,35.97700944179589,67.28967071488162,47.025069299687466,73.03097086971323,80.88802514060212,1.3597144318784127,69.22022677003578,2.720373523177884,14.585509066199485,13.433410124552953,33.52402293579739
Cepa_247,8.945732045734877,157.30105278482495,7.008515392651236,30.755928620712766,31.354418008985032,30.63728692191397,21.54264540297997,88.63783458125619,1.7353909120100164,70.95737502298336,2.7667871219888163,13.503546759879743,12.650676725108896,22.708346353313875
Cepa_248,4.771259833381544,138.97054235870436,6.819057359145448,29.799347687707037,37.19787709872871,41.1341950023115,35.95352287854843,94.88629128082408,1.2389976643468668,68.78184910023946,3.2110654379986983,11.880849659264824,12.957044512690603,14.533451287427896
Cepa_249,5.802325666917573,202.68592041046819,7.050139438279627,31.00926889006815,61.431459948989676,39.018299747952646,53.51573520573161,78.41360460042029,1.207424780264124,57.9838332241706,2.238041383868056,18.748048946508405,18.71336249298925,15.221923880523462
Cepa_250,8.545168343202542,216.03065703141982,6.970093696133053,33.60012877100508,38.63176673694411,49.2772612287495,65.6583344960905,91.22488734996557,1.5526456807860884,76.5108991577037,2.623895948222458,17.1801118965996,14.265327655393994,12.146597025614735
Cepa_251,10.794391377657842,193.90394325058938,6.84012617496208,34.81535275059737,65.95671203995755,66.88218141342263,54.164522815358886,87.7748552949811,1.7708714389536933,88.56346637172551,1.8935487589038766,13.329120674163747,13.38448680481664,25.565606589021062
Cepa_252,9.252588120216855,165.91926732032812,6.8053993623207365,32.613072190716935,75.09981141871043,44.22677443925339,53.852167066080405,81.3852890062868,1.6417683738050646,86.97918579446818,2.7087790385863086,14.53043375338048,15.061683148004327,25.481611947664078
Cepa_253,6.976323598700029,185.84641503052626,6.856923053305379,31.01285792560452,54.190157669814816,41.08969271068528,53.5391020569149,87.95806565811021,1.3570383985342123,71.04399807641443,1.7066580553575033,17.554455528646162,12.57519023004969,17.533039310621184
Cepa_254,5.461921376933066,182.89543605561005,7.051367551942221,25.07805818051049,49.67907561064097,25.312054330972927,33.845227187187106,83.61071030729852,1.056185884929602,67.41453045758024,2.6928173082567026,11.326260692301906,13.713300859455254,17.529730917376334
Cepa_255,9.114029331742428,220.4686722209129,6.007467409300622,25.40819894894187,40.66291352631786,49.57082334609603,68.89682649327824,97.79065091749447,1.5137679156736834,71.00496902225932,3.080792796950161,18.430812642201865,14.941751092001008,15.22664942006831
Cepa_256,7.879125166935574,178.4513940182937,6.843029951159548,28.98250646358104,39.77713147780489,33.66819946258861,46.806823361951544,85.46181039344411,1.4347128581680781,63.77745578566826,2.813084548018182,15.562272401009603,7.72828240177181,14.797553220220136
Cepa_257,8.886056326841578,208.02615837166317,7.187726526154584,32.35878347232786,65.8083822263504,45.91785261419945,68.07439188657344,83.82123224512829,1.5914168093107801,72.73276154011506,1.9874869816617462,16.211745987082324,10.516327416977468,26.332380520785325
Cepa_258,8.172948083316186,189.88369026993445,6.603079313241017,29.791095344562823,53.27964106360306,45.958976444512686,54.1537189844518,83.04307784788557,1.4090653721136037,73.78426685611431,2.1027272409372744,14.662104917116737,10.546886564067272,16.63830142915583
Cepa_259,8.044464387680742,189.9535268769271,6.013965091519766,27.623237217792813,53.312895228911884,34.99746179580748,67.81792464794898,76.20144023955112,1.5230749325574824,58.128115946858294,2.769211456605109,16.138067987883698,12.358550149244907,25.172955497175835
Cepa_260,12.437938168839764,189.5286011713181,6.233508823690196,32.08832447442834,53.97632963208776,47.49543075070691,59.11909577173079,83.28660013740027,1.9056666707655685,66.8247805184653,2.415488922462387,18.998316329270803,12.34172049880882,29.340858772073783
Cepa_261,7.990805058431632,225.8348094477918,6.819818548609585,32.16247379486718,54.5577272885231,47.05209323739869,53.71990611330109,85.70441212884222,1.4231329956541805,78.73805320646784,1.411835883578538,15.194754507807996,13.9586073390037,19.584210808022664
Cepa_262,7.761132186120102,212.38091230342303,6.559507463851339,35.835455413988846,48.15509889505943,35.437741772114116,57.71513976482443,92.6891032187777,1.3490856062155676,79.05278591425277,3.196449177545399,13.680857313058914,14.325750529569968,19.826983805807885
Cepa_263,7.817826986893967,223.63077407573883,6.895775942403584,30.555860469517054,42.64024802649705,36.55880707016562,37.324268690661086,88.19576083633314,1.5264318403285415,57.39778930425273,2.597597825912345,13.600697110147413,15.875236662483916,25.837814679114718
Cepa_264,7.124694924938515,195.91116217981343,6.865733259617131,31.279302875647183,49.66586702243162,30.37637468039329,55.07235192605242,84.08650235909336,1.4548938310761494,80.94540222049075,1.7885138792845638,17.09007695689336,12.362075233761852,23.90711033602257
Cepa_265,9.485199342072969,213.21806684708685,6.518429596408855,29.734457408221527,47.714203732028835,63.781752646342916,75.59248386534557,85.52829559053521,1.728542022386195,67.1993399271952,2.603123838652768,15.968198443495556,12.193010593448662,28.953734313544956
Cepa_266,7.4693684993279765,180.0172199552281,6.397230855870192,40.28733080465478,59.515275386736846,52.354003042750136,70.69832276786458,85.68517429336781,1.5018656724958244,69.81350047832312,3.587110093439623,15.786534739872923,12.14981269490287,26.941928654441107
Cepa_267,8.953914058466884,169.4368807861106,6.903108746440369,34.59957526192565,63.30774594918016,40.01720709445412,43.17971700762313,81.77439511218732,1.6578048513261394,68.3495383112821,2.431881332754349,13.665686291013463,11.346433740927854,30.35067244938891
Cepa_268,8.426904544720335,169.6351971636855,6.825007766076061,30.50228677837695,69.74691338828396,45.51298241956722,61.06823021605508,86.43649374518591,1.5808983164380466,48.85794448613964,2.420471032054797,17.94747507105863,13.598877052956988,23.94170866702981
Cepa_269,9.82847879319864,260.94799314047555,6.700722818966864,25.41134592599242,36.426310488270595,54.944276449617284,57.97575861697047,94.48280974160635,1.5070069114598181,74.23058996343448,2.174187867353329,15.320641374614047,10.426556647543315,17.43012682000433
Cepa_270,8.630269395482543,199.78953930807364,7.138023007857512,28.614963240402385,59.62881594333093,47.18855339305778,64.80625936140889,82.22137471318922,1.5351150516036192,53.84592792631255,2.840410332235345,13.582397536637238,15.406065186782556,20.017823546739695
Cepa_271,6.17992282857853,204.5474107649094,6.8656063524995,29.602654710611713,57.206971659564346,47.985484558085986,56.12983462626654,90.31695416329538,1.1747540366821632,78.28764171853844,2.628958956706709,11.522947693865632,13.606186959659558,21.876802405970853
Cepa_272,6.010268322419089,203.44168441875428,6.505045275072621,27.65327032434617,44.7740762047391,56.3084221076556,52.1979520824388,89.9042239006827,1.437948039791212,57.03801234175866,2.891173717699395,12.494914754323032,14.586706304516165,20.475403659485174
Cepa_273,10.112553719115352,246.05935040900732,6.646457751916157,31.48115679849979,46.74502737940717,47.020933610880746,70.96756931632778,88.0117215673286,1.7098539994408937,80.63244528272413,2.129446926275466,16.134538308906116,16.209521645608966,22.12127578723964
Cepa_274,7.086933795103337,251.90910591094942,6.8150378953196915,28.34086456885459,37.830560385989166,37.03794504972538,57.59675881926412,86.77657205418541,1.535668964058853,72.30777344377785,2.8652056796759005,13.29047937939243,8.344427315775055,8.882354027655776
Cepa_275,6.019096130315521,194.00711249524443,6.859657974464448,27.263938604525816,51.579190956842,42.92366696097776,70.06557186335577,86.53100025922936,1.1988773838531537,76.07196173776062,1.9139801153056337,11.239393692932719,12.74945612513775,15.735562512537644
Cepa_276,6.995572100195362,190.269462473347,7.259880563264607,34.32160840439124,58.177145142125696,59.93710100755457,66.69263444013393,83.09531961642838,1.3903702884302678,62.73796245436292,2.771228728522553,13.55214002771634,11.886404248109507,16.455783603433787
Cepa_277,9.896937930452012,205.411989019894,7.477414534363429,27.219927998495603,46.86187948303668,44.56327239864439,51.1061531017731,94.49815457032932,1.7160312180160904,51.7747214416474,2.1379306574086803,14.626650897384907,13.895173119617729,22.41579737482562
Cepa_278,5.869680501577232,192.0367990583164,6.635521131645678,23.994543452159288,43.08906780045406,40.38014870615683,52.995996707714085,82.09907744117727,1.2538778355973719,60.22297865594252,2.510973428415949,16.14428628861826,14.61596953298886,15.112674205494175
Cepa_279,6.700257194360586,216.74505026107732,6.318554388247013,34.64966952692958,46.77162936968631,59.73655180078975,78.15798920798827,90.99756053446104,1.3888046594110506,73.30462492733666,1.6966010465283092,10.398050734129376,13.830872116658231,20.094810714063286
Cepa_280,6.999788736805221,185.1500133615139,6.539482417450654,37.5925384411415,54.42627774599455,53.67299545700097,57.297787905278945,92.30598083172862,1.5481952193513604,74.61985747247734,2.535941759881132,14.944220945781197,13.317676463581362,10.94184040300863
Cepa_281,6.123215189790207,149.3492879004285,7.000731727423872,32.47222151962831,57.02400803756644,38.4637555326524,45.89645891967971,82.68192753212985,1.2091301766790905,61.35392813912097,2.500147979394347,16.618000978055996,12.73460886100152,21.879628954077255
Cepa_282,6.223508992232505,150.28397862720817,7.193592791762835,33.307956387364406,34.97057254532697,32.90434950257031,40.59948066417972,92.33217754192785,1.0585586504944127,83.17516084185199,1.7554480627391693,12.976533264340828,14.706107110920895,9.650973490494085
Cepa_283,5.722838037104513,196.55267077340093,6.682040817450572,34.47215872164904,59.16012533072447,35.94264795843824,66.68958922309308,84.8038941980826,1.4323462176437836,69.83321187054887,3.3597048926480317,14.079872429298172,13.150089688616243,25.464659724664408
Cepa_284,7.308218880294917,163.87648183233745,6.503199637303337,38.1644394953182,31.974657422158103,31.225946028536686,56.923524653155276,87.11433320096171,1.3516556643656354,53.65562887182847,2.796334148478113,15.440214941926628,16.215476631589492,18.51089451046959
Cepa_285,7.467636752389873,130.5636364756567,6.9778015811162515,28.510250037132984,39.62329754804846,40.028577363327685,45.4948965936522,85.66485178101455,1.559013644861246,72.65711814470036,1.9640565640213512,12.825269502956433,11.880358324263394,19.92570047753075
Cepa_286,6.976192768695041,187.86882358665312,7.07302247982665,31.164385122293194,60.53404838509341,40.282937816157514,63.0950179748395,75.87793965877856,1.4628106068965865,62.21785295652059,2.0098947803063876,13.332654937097715,16.761972815732342,27.78730742680178
Cepa_287,5.519453241548538,210.29626302501663,7.1366430291553895,30.16226289185104,39.58912164237221,60.442890580650804,56.91698434067106,88.7807076270213,1.2302766443515816,78.15422065264238,2.3923313918371285,14.805939123215078,10.533193212275657,19.85488340185485
Cepa_288,9.880003920283993,199.42240129764897,6.572460157040543,31.46178733013522,35.985352412213494,39.490591782813546,35.07429915084452,93.61922358053738,1.7260348709928348,72.29504294127956,2.204822701909941,14.955430601716442,13.407869777614744,15.000062115629127
Cepa_289,6.006381756241759,181.67605168258493,6.998634631831972,32.22837835030964,67.00535894697889,31.582071650949644,62.06422665652975,79.77586199217907,1.1865847491878265,71.46517190550057,2.4634799089233455,16.291006082806625,13.330919959174786,17.072359973496926
Cepa_290,8.417050568034307,221.7221005139832,6.066573568145791,31.706778251447318,49.0708755711221,61.14932073431614,70.9982884341188,89.32960573328299,1.5502947722427096,67.25814618302014,1.3794247568075273,15.352383254086424,11.586403808877675,24.11909817096827
Cepa_291,6.387850110321687,172.41073281957412,6.705175460210805,32.61546641661722,53.74783291474322,55.509143305617656,85.71820276758964,84.19918974705708,1.398189031510707,81.25129375174251,3.341433923107784,15.619737115031013,10.329839086723611,22.265428012424813
Cepa_292,9.002475300112291,171.88724786069,7.058578377190729,38.230313939891616,55.92601592680435,50.76548507360806,55.41883076874405,78.94395203243249,1.5228142573775763,60.8591879013377,2.154219437508349,15.507150778358275,14.921923297987297,11.556311491736505
Cepa_293,9.433748532750746,243.0298714280305,7.36201919174512,33.85529853406259,70.66405399096357,51.293816984225245,57.79179589852656,87.92304442950257,1.6053457435639067,73.25045423219787,3.1341444610627813,13.307857830297753,13.20859531838937,19.0900067867668
Cepa_294,6.683579620058517,239.04689472910098,6.880084176363112,34.75399509288601,55.31496519218587,53.156201037137606,74.27916166281764,92.89868763726263,1.399617313980984,70.40346461177491,2.419992740407649,11.190464692314697,14.965246784887995,14.834043991685181
Cepa_295,5.114426405454311,154.65316170068587,6.679329236914582,34.42858046226102,58.4972254844811,49.79414120444767,57.02466720323775,80.17901565720383,1.343770011510893,59.689757158947,3.7178729054160082,13.23702742212325,16.655008755588142,20.89513051821795
Cepa_296,9.04368097870941,240.89158410917491,6.22310904597957,33.80830083363843,64.7793327439337,47.90131608092537,58.30410235695907,84.60107520327101,1.6040526138836635,69.36202956591877,2.9006282955997524,14.092825993201185,14.502105678695436,18.663951576637974
Cepa_297,10.813700820070453,170.5198419394171,6.946955007390192,31.21230071171069,50.228553349938956,33.87868654312643,47.43257930283309,77.77846612660936,1.7383040975461483,60.50861827005007,3.0385516580304954,13.211791076903582,14.929093863626766,25.70134816998234
Cepa_298,8.62354180983865,153.2155016895347,7.063133031729003,33.94465055909683,40.60782044712609,42.91410717937231,38.26749864744173,85.72918136243122,1.5477126035304198,90.35169333906181,3.1110299455356882,12.389291797419448,12.149030970109171,15.580906506278685
Cepa_299,8.240816632219577,242.44435795302303,7.148081700958354,26.528961999729713,45.61763470568044,56.4769206088918,65.95225522983826,87.86856854364828,1.6400992579224956,80.08955339200917,2.559152213126821,17.344229781632098,15.815293850891582,27.180960056188717
Cepa_300,9.229640914415285,219.17143694369534,6.928611205030393,35.60140938802034,29.63475325409058,38.73469584630938,39.71715715825307,95.80107270380823,1.5588128578583829,53.63639607381821,2.581787615639336,13.03226287516426,15.860893684381946,17.341150438881492
